seed,model,cond,ratio,cost_star,cost_05,cost_none
0,NB,A,5,0.05196446753976335,0.05032594829301405,0.043303722949802795
0,NB,A,20,0.10106152639771544,0.10387041653499994,0.17321489179921118
0,NB,A,100,0.3351942230492843,0.3894409138255913,0.8660744589960558
0,NB,B,5,0.06998817925400559,0.06799854874009574,0.043303722949802795
0,NB,B,20,0.10667930667228445,0.10662078812775769,0.17321489179921118
0,NB,B,100,0.26157789403461956,0.31260606486195475,0.8660744589960558
0,NB,C,5,0.05851854452676053,0.0555926173004225,0.043303722949802795
0,NB,C,20,0.10948819680956895,0.10562597287080276,0.17321489179921118
0,NB,C,100,0.33150755474409843,0.3724705359128308,0.8660744589960558
0,NB,D,5,0.043303722949802795,0.043303722949802795,0.043303722949802795
0,NB,D,20,0.10574300995985628,0.17321489179921118,0.17321489179921118
0,NB,D,100,0.38540313425324485,0.8660744589960558,0.8660744589960558
0,LR,A,5,0.013459265241154922,0.016911859368233792,0.043303722949802795
0,LR,A,20,0.0375103870416535,0.06518965860281123,0.17321489179921118
0,LR,A,100,0.1433704340905633,0.32267125452055756,0.8660744589960558
0,LR,B,5,0.7791159018292897,0.14612080568332103,0.043303722949802795
0,LR,B,20,2.3684795711761057,0.16016525636974357,0.17321489179921118
0,LR,B,100,4.41815011177042,0.23506899336399706,0.8660744589960558
0,LR,C,5,0.015273340121484498,0.018082230258769004,0.043303722949802795
0,LR,C,20,0.03897335065482251,0.0628489168217408,0.17321489179921118
0,LR,C,100,0.17017192748381962,0.30160457849092376,0.8660744589960558
0,LR,D,5,0.013517783785681683,0.01890148988214365,0.043303722949802795
0,LR,D,20,0.03856372084313519,0.07332373629203094,0.17321489179921118
0,LR,D,100,0.14360450826867033,0.36357571714476317,0.8660744589960558
1,NB,A,5,0.049974837025853494,0.046756317076881666,0.043303722949802795
1,NB,A,20,0.08526151937549009,0.0836230001287408,0.17321489179921118
1,NB,A,100,0.23161639923691818,0.2802453097386562,0.8660744589960558
1,NB,B,5,0.06150299029762532,0.05740669218075208,0.043303722949802795
1,NB,B,20,0.08379855576232108,0.08022892454618868,0.17321489179921118
1,NB,B,100,0.19176527041419425,0.2019474971618506,0.8660744589960558
1,NB,C,5,0.05079409664922814,0.048160762145523915,0.043303722949802795
1,NB,C,20,0.08379855576232108,0.08502744519738305,0.17321489179921118
1,NB,C,100,0.23226010322671253,0.2816497548072984,0.8660744589960558
1,NB,D,5,0.043303722949802795,0.043303722949802795,0.043303722949802795
1,NB,D,20,0.08567114918717741,0.17321489179921118,0.17321489179921118
1,NB,D,100,0.2762075301663097,0.8660744589960558,0.8660744589960558
1,LR,A,5,0.010299263836709854,0.014454080498109851,0.043303722949802795
1,LR,A,20,0.026040752314408437,0.055709654389476025,0.17321489179921118
1,LR,A,100,0.13219339208595204,0.2757393818100956,0.8660744589960558
1,LR,B,5,0.7937455379609798,0.16800674133632948,0.043303722949802795
1,LR,B,20,2.6811441545825874,0.1794178575190478,0.17321489179921118
1,LR,B,100,4.5956953758646115,0.24027714382687873,0.8660744589960558
1,LR,C,5,0.014863710309797174,0.015741488477698583,0.043303722949802795
1,LR,C,20,0.035930386339430964,0.04821928069005068,0.17321489179921118
1,LR,C,100,0.13517783785681683,0.22143417248926184,0.8660744589960558
1,LR,D,5,0.01100148637103098,0.014571117587163371,0.043303722949802795
1,LR,D,20,0.027094086115890127,0.05670446964643095,0.17321489179921118
1,LR,D,100,0.13131561391805063,0.28141568062919137,0.8660744589960558
2,NB,A,5,0.044474093840338,0.0419577964256873,0.043303722949802795
2,NB,A,20,0.08239411069367883,0.07970225764544785,0.17321489179921118
2,NB,A,100,0.2652645623398055,0.28100605081750407,0.8660744589960558
2,NB,B,5,0.061151879030464755,0.05805039617054645,0.043303722949802795
2,NB,B,20,0.08473485247474925,0.08262818487178587,0.17321489179921118
2,NB,B,100,0.1931697154828365,0.21370972461172946,0.8660744589960558
2,NB,C,5,0.05231557880692391,0.048921503224371804,0.043303722949802795
2,NB,C,20,0.09117189237269291,0.08578818627623094,0.17321489179921118
2,NB,C,100,0.26233863511346744,0.2824104958861463,0.8660744589960558
2,NB,D,5,0.037100757229966176,0.043303722949802795,0.043303722949802795
2,NB,D,20,0.0855541120981239,0.17321489179921118,0.17321489179921118
2,NB,D,100,0.282234940252566,0.8660744589960558,0.8660744589960558
2,LR,A,5,0.011235560549138022,0.014863710309797174,0.043303722949802795
2,LR,A,20,0.029668902075067588,0.05787484053696616,0.17321489179921118
2,LR,A,100,0.10591856559343656,0.2872675350818674,0.8660744589960558
2,LR,B,5,0.8260477745397516,0.17467785541238018,0.043303722949802795
2,LR,B,20,2.718830097257821,0.18345563709139426,0.17321489179921118
2,LR,B,100,4.6031857495640365,0.23027047271280268,0.8660744589960558
2,LR,C,5,0.01884297133761689,0.017731118991608442,0.043303722949802795
2,LR,C,20,0.04049483281251829,0.05196446753976335,0.17321489179921118
2,LR,C,100,0.12622450054422246,0.2345423264632562,0.8660744589960558
2,LR,D,5,0.011996301627985909,0.015975562655805624,0.043303722949802795
2,LR,D,20,0.029434827896960548,0.062497805554580246,0.17321489179921118
2,LR,D,100,0.10597708413796332,0.3106164343480449,0.8660744589960558
3,NB,A,5,0.04851187341268448,0.046054094542560535,0.043303722949802795
3,NB,A,20,0.08824596514635488,0.08818744660182812,0.17321489179921118
3,NB,A,100,0.280771976639397,0.31289865758458857,0.8660744589960558
3,NB,B,5,0.0902941142047915,0.08643189026602531,0.043303722949802795
3,NB,B,20,0.12043116463607317,0.11803190431047599,0.17321489179921118
3,NB,B,100,0.23799492059033509,0.2865653125475463,0.8660744589960558
3,NB,C,5,0.07461114427161968,0.07051484615474644,0.043303722949802795
3,NB,C,20,0.11469634727245064,0.1108926418782112,0.17321489179921118
3,NB,C,100,0.3165268073452477,0.32624088573668997,0.8660744589960558
3,NB,D,5,0.043303722949802795,0.043303722949802795,0.043303722949802795
3,NB,D,20,0.08842152077993516,0.17321489179921118,0.17321489179921118
3,NB,D,100,0.3083342111115012,0.8660744589960558,0.8660744589960558
3,LR,A,5,0.01217185726156619,0.015039265943377456,0.043303722949802795
3,LR,A,20,0.0314244584108704,0.05805039617054645,0.17321489179921118
3,LR,A,100,0.0966726355582084,0.2874430907154477,0.8660744589960558
3,LR,B,5,0.7647203398757066,0.14342895263509006,0.043303722949802795
3,LR,B,20,2.7954893905878775,0.15396229064990696,0.17321489179921118
3,LR,B,100,4.572463513687487,0.21014009339559706,0.8660744589960558
3,LR,C,5,0.015800007022225344,0.01784815608066196,0.043303722949802795
3,LR,C,20,0.04301113022716899,0.056470395468323914,0.17321489179921118
3,LR,C,100,0.11446227309434359,0.262455672202521,0.8660744589960558
3,LR,D,5,0.012464449984199993,0.01661926664559999,0.043303722949802795
3,LR,D,20,0.03107334714370984,0.06489706588017743,0.17321489179921118
3,LR,D,100,0.0953267090340929,0.32237866179792374,0.8660744589960558
4,NB,A,5,0.0466977985323549,0.043479278583383074,0.043303722949802795
4,NB,A,20,0.08385707430684784,0.08034596163524221,0.17321489179921118
4,NB,A,100,0.2561941879381576,0.2769682712451576,0.8660744589960558
4,NB,B,5,0.10574300995985628,0.10076893367508163,0.043303722949802795
4,NB,B,20,0.13792820944957457,0.1297356132158281,0.17321489179921118
4,NB,B,100,0.269770490268366,0.2842245707664759,0.8660744589960558
4,NB,C,5,0.08403262994042812,0.07970225764544785,0.043303722949802795
4,NB,C,20,0.12218672097187598,0.11569116252940558,0.17321489179921118
4,NB,C,100,0.29405568624697165,0.3076319885771801,0.8660744589960558
4,NB,D,5,0.035754830705850685,0.043303722949802795,0.043303722949802795
4,NB,D,20,0.08134077689219714,0.17321489179921118,0.17321489179921118
4,NB,D,100,0.2782556792247463,0.8660744589960558,0.8660744589960558
4,LR,A,5,0.011937783083459148,0.012932598340414077,0.043303722949802795
4,LR,A,20,0.03663260887375209,0.04804372505647039,0.17321489179921118
4,LR,A,100,0.1562445138864506,0.2353030675421041,0.8660744589960558
4,LR,B,5,0.6262654635253911,0.11557412544035205,0.043303722949802795
4,LR,B,20,2.3470617838793113,0.12610746345516893,0.17321489179921118
4,LR,B,100,4.41815011177042,0.18228526620085905,0.8660744589960558
4,LR,C,5,0.01784815608066196,0.017965193169715482,0.043303722949802795
4,LR,C,20,0.04628816872066758,0.055709654389476025,0.17321489179921118
4,LR,C,100,0.1620378497945999,0.25701344756153227,0.8660744589960558
4,LR,D,5,0.011937783083459148,0.014688154676216893,0.043303722949802795
4,LR,D,20,0.03657409032922533,0.05594372856758307,0.17321489179921118
4,LR,D,100,0.15811710731130696,0.27597345598820266,0.8660744589960558
5,NB,A,5,0.05079409664922814,0.04880446613531828,0.043303722949802795
5,NB,A,20,0.09813559917137742,0.0953267090340929,0.17321489179921118
5,NB,A,100,0.31190384232763363,0.34344533782755754,0.8660744589960558
5,NB,B,5,0.05758224781433236,0.05477335767704786,0.043303722949802795
5,NB,B,20,0.08643189026602531,0.08900670622520276,0.17321489179921118
5,NB,B,100,0.2191519492527182,0.2715845651486956,0.8660744589960558
5,NB,C,5,0.047985206511943636,0.045761501819926734,0.043303722949802795
5,NB,C,20,0.09573633884578023,0.09140596655079995,0.17321489179921118
5,NB,C,100,0.3205645869175942,0.3348431117821238,0.8660744589960558
5,NB,D,5,0.043303722949802795,0.043303722949802795,0.043303722949802795
5,NB,D,20,0.10030078531886755,0.17321489179921118,0.17321489179921118
5,NB,D,100,0.3390564469880505,0.8660744589960558,0.8660744589960558
5,LR,A,5,0.015331858666011259,0.018784452793090132,0.043303722949802795
5,LR,A,20,0.034994089627002796,0.07320669920297743,0.17321489179921118
5,LR,A,100,0.14547710169352668,0.36345868005570964,0.8660744589960558
5,LR,B,5,0.7317158807626136,0.13295413316479993,0.043303722949802795
5,LR,B,20,2.0307105321676437,0.14524302751541965,0.17321489179921118
5,LR,B,100,4.195135938578936,0.21078379738539144,0.8660744589960558
5,LR,C,5,0.01433704340905633,0.0197207495055183,0.043303722949802795
5,LR,C,20,0.03903186919934928,0.06975410507589855,0.17321489179921118
5,LR,C,100,0.16080896035953793,0.33659866811792655,0.8660744589960558
5,LR,D,5,0.015331858666011259,0.019603712416464778,0.043303722949802795
5,LR,D,20,0.03610594197301125,0.07665929333005629,0.17321489179921118
5,LR,D,100,0.1447163606146788,0.38095572486921103,0.8660744589960558
6,NB,A,5,0.05214002317334363,0.0483363177791042,0.043303722949802795
6,NB,A,20,0.09731633954800276,0.09485856067787882,0.17321489179921118
6,NB,A,100,0.3177556967803097,0.3429771894713435,0.8660744589960558
6,NB,B,5,0.09000152148215769,0.08719263134487319,0.043303722949802795
6,NB,B,20,0.1239422773076788,0.12318153622883092,0.17321489179921118
6,NB,B,100,0.2501667778519013,0.31512236227660545,0.8660744589960558
6,NB,C,5,0.07490373699425348,0.07162669850075488,0.043303722949802795
6,NB,C,20,0.12171857261566191,0.11639338506372669,0.17321489179921118
6,NB,C,100,0.3393490397106843,0.35514904673290965,0.8660744589960558
6,NB,D,5,0.043303722949802795,0.043303722949802795,0.043303722949802795
6,NB,D,20,0.09825263626043093,0.17321489179921118,0.17321489179921118
6,NB,D,100,0.33870533572088996,0.8660744589960558,0.8660744589960558
6,LR,A,5,0.0133422281521014,0.01790667462518872,0.043303722949802795
6,LR,A,20,0.03792001685334082,0.0696955865313718,0.17321489179921118
6,LR,A,100,0.15103636342356894,0.3459031166976815,0.8660744589960558
6,LR,B,5,0.7087766113081235,0.15185562304694358,0.043303722949802795
6,LR,B,20,2.3431995599405453,0.1659000737333661,0.17321489179921118
6,LR,B,100,4.508912374331426,0.24080381072761958,0.8660744589960558
6,LR,C,5,0.01995482368362534,0.021183713118687313,0.043303722949802795
6,LR,C,20,0.0469903912549887,0.07121706868906756,0.17321489179921118
6,LR,C,100,0.15185562304694358,0.3380616317310956,0.8660744589960558
6,LR,D,5,0.014044450686422526,0.019252601149304216,0.043303722949802795
6,LR,D,20,0.03768594267523378,0.07543040389499432,0.17321489179921118
6,LR,D,100,0.15074377070093511,0.3750453518720082,0.8660744589960558
7,NB,A,5,0.051496319183549265,0.04962372575869293,0.043303722949802795
7,NB,A,20,0.10340226817878585,0.10316819400067881,0.17321489179921118
7,NB,A,100,0.36737942253900263,0.3887386912912702,0.8660744589960558
7,NB,B,5,0.07396744028182531,0.07133410577812109,0.043303722949802795
7,NB,B,20,0.10855190009714079,0.1169785705089943,0.17321489179921118
7,NB,B,100,0.2612853013119858,0.3604157157403181,0.8660744589960558
7,NB,C,5,0.0613859532085718,0.058869655793921095,0.043303722949802795
7,NB,C,20,0.11346745783738867,0.11153634586800557,0.17321489179921118
7,NB,C,100,0.37311423990262516,0.39242535959645614,0.8660744589960558
7,NB,D,5,0.043303722949802795,0.043303722949802795,0.043303722949802795
7,NB,D,20,0.10310967545615206,0.17321489179921118,0.17321489179921118
7,NB,D,100,0.39026017344896596,0.8660744589960558,0.8660744589960558
7,LR,A,5,0.014512599042636612,0.019369638238357734,0.043303722949802795
7,LR,A,20,0.03897335065482251,0.07554744098404785,0.17321489179921118
7,LR,A,100,0.12218672097187598,0.37516238896106174,0.8660744589960558
7,LR,B,5,0.705733646992732,0.13037931720562246,0.043303722949802795
7,LR,B,20,2.3306180728672916,0.14091265522043936,0.17321489179921118
7,LR,B,100,4.42628418945964,0.19709045796612948,0.8660744589960558
7,LR,C,5,0.016970377912760553,0.021476305841321115,0.043303722949802795
7,LR,C,20,0.0441815011177042,0.07765410858701123,0.17321489179921118
7,LR,C,100,0.168123778425383,0.37726905656402515,0.8660744589960558
7,LR,D,5,0.015039265943377456,0.020774083306999987,0.043303722949802795
7,LR,D,20,0.03914890628840279,0.08134077689219714,0.17321489179921118
7,LR,D,100,0.12359116604051824,0.40436314267991524,0.8660744589960558
8,NB,A,5,0.05535854312231546,0.05325187551935208,0.043303722949802795
8,NB,A,20,0.09994967405170699,0.1006518965860281,0.17321489179921118
8,NB,A,100,0.32196903198623644,0.3534520089416336,0.8660744589960558
8,NB,B,5,0.07525484826141404,0.07174373558980841,0.043303722949802795
8,NB,B,20,0.10820078882998022,0.10948819680956895,0.17321489179921118
8,NB,B,100,0.2440223306765914,0.31079198998162516,0.8660744589960558
8,NB,C,5,0.06232224992099997,0.05963039687276898,0.043303722949802795
8,NB,C,20,0.10685486230586473,0.10790819610734642,0.17321489179921118
8,NB,C,100,0.3297519984082956,0.36538979202509275,0.8660744589960558
8,NB,D,5,0.043303722949802795,0.043303722949802795,0.043303722949802795
8,NB,D,20,0.1000667111407605,0.17321489179921118,0.17321489179921118
8,NB,D,100,0.35561719508912376,0.8660744589960558,0.8660744589960558
8,LR,A,5,0.010942967826504219,0.016209636833912668,0.043303722949802795
8,LR,A,20,0.03370668164741406,0.06185410156478588,0.17321489179921118
8,LR,A,100,0.12464449984199993,0.3052912467961097,0.8660744589960558
8,LR,B,5,0.6889388247135517,0.12048968318059994,0.043303722949802795
8,LR,B,20,2.632749318258956,0.13277857753121963,0.17321489179921118
8,LR,B,100,4.624837611038938,0.19831934740119145,0.8660744589960558
8,LR,C,5,0.017087415001814075,0.020422972039839424,0.043303722949802795
8,LR,C,20,0.04160668515852674,0.06694521493861405,0.17321489179921118
8,LR,C,100,0.13312968879838022,0.3150638437320787,0.8660744589960558
8,LR,D,5,0.011586671816298586,0.01784815608066196,0.043303722949802795
8,LR,D,20,0.033765200191940827,0.06875928981894362,0.17321489179921118
8,LR,D,100,0.12312301768430416,0.3402853364231125,0.8660744589960558
9,NB,A,5,0.05184743045070983,0.04868742904626476,0.043303722949802795
9,NB,A,20,0.10012522968528727,0.09784300644874361,0.17321489179921118
9,NB,A,100,0.33408237070327584,0.36000608592863076,0.8660744589960558
9,NB,B,5,0.0908792996500591,0.0880704095127746,0.043303722949802795
9,NB,B,20,0.1252882038317943,0.1302037615720422,0.17321489179921118
9,NB,B,100,0.2612853013119858,0.35491497255480264,0.8660744589960558
9,NB,C,5,0.07297262502487038,0.06957854944231827,0.043303722949802795
9,NB,C,20,0.12072375735870697,0.11873412684479712,0.17321489179921118
9,NB,C,100,0.3610009011855857,0.38089720632468427,0.8660744589960558
9,NB,D,5,0.043303722949802795,0.043303722949802795,0.043303722949802795
9,NB,D,20,0.09930597006191262,0.17321489179921118,0.17321489179921118
9,NB,D,100,0.3623468277097012,0.8660744589960558,0.8660744589960558
9,LR,A,5,0.013985932141895767,0.018433341525929566,0.043303722949802795
9,LR,A,20,0.03669112741827885,0.07285558793581685,0.17321489179921118
9,LR,A,100,0.12546375946537458,0.3631075687885491,0.8660744589960558
9,LR,B,5,0.7047388317357771,0.1752630408576478,0.043303722949802795
9,LR,B,20,2.2368128459908947,0.1857963788724647,0.17321489179921118
9,LR,B,100,4.486909401589363,0.2419741816181548,0.8660744589960558
9,LR,C,5,0.02762075301663097,0.02756223447210421,0.043303722949802795
9,LR,C,20,0.055709654389476025,0.07496225553878023,0.17321489179921118
9,LR,C,100,0.15027562234472105,0.32776236789438573,0.8660744589960558
9,LR,D,5,0.014746673220743654,0.019252601149304216,0.043303722949802795
9,LR,D,20,0.03663260887375209,0.07630818206289573,0.17321489179921118
9,LR,D,100,0.12552227800990134,0.3806046136020505,0.8660744589960558
