seed,model,cond,auprc,auroc,brier,brier_base,mean_p,base_rate,cost_05,cost_star,flag_05,flag_star,cost_none,cost_all
0,NB,A,0.15386762255250716,0.9679594507456631,0.006946613045243396,0.0017291485781180105,0.007653853551211291,0.0017321489179921118,0.10387041653499994,0.10106152639771544,0.007513781117236052,0.008918226185878305,0.17321489179921118,4.99133925541004
0,NB,B,0.13353605293400395,0.9665312199473053,0.010986464595382005,0.0017291485781180105,0.012253254170246293,0.0017321489179921118,0.10662078812775769,0.10667930667228445,0.012242079514998302,0.013974228432990414,0.17321489179921118,4.99133925541004
0,NB,C,0.13353605293400395,0.9665312199473053,0.008109529780971713,0.0017291485781180105,0.008939678388981336,0.0017321489179921118,0.10562597287080276,0.10948819680956895,0.008848003932446192,0.010357782381236615,0.17321489179921118,4.99133925541004
0,NB,D,0.16003579450604155,0.9680176351390959,0.0015833736978695077,0.0017291485781180105,0.001703436226380689,0.0017321489179921118,0.17321489179921118,0.10574300995985628,0.0,0.007396744028182531,0.17321489179921118,4.99133925541004
0,LR,A,0.7385454095553571,0.9722555106839064,0.0007136762184416774,0.0017291485781180105,0.0016615591828662993,0.0017321489179921118,0.06518965860281123,0.0375103870416535,0.0012522968528726754,0.0018608897159509848,0.17321489179921118,4.99133925541004
0,LR,B,0.6039463700036892,0.9816217325244819,0.029082847828163762,0.0017291485781180105,0.0968985745939423,0.0017321489179921118,0.16016525636974357,2.3684795711761057,0.029832753999742518,0.4751822852662009,0.17321489179921118,4.99133925541004
0,LR,C,0.6039463700036892,0.9816217325244819,0.0010580533003508147,0.0017291485781180105,0.0022262582042721947,0.0017321489179921118,0.0628489168217408,0.03897335065482251,0.001767260044708168,0.0031365939866343645,0.17321489179921118,4.99133925541004
0,LR,D,0.7368678347664659,0.9726217277715021,0.0007413297286257534,0.0017291485781180105,0.0017006964455992134,0.0017321489179921118,0.07332373629203094,0.03856372084313519,0.0011586671816298584,0.0018257785892349286,0.17321489179921118,4.99133925541004
1,NB,A,0.20508931202315164,0.9733542411630225,0.007125637235275611,0.0017291485781180105,0.008239423093035226,0.0017321489179921118,0.0836230001287408,0.08526151937549009,0.008134077689219714,0.00944489308661915,0.17321489179921118,4.99133925541004
1,NB,B,0.19859256238327522,0.9723339348493225,0.009704252329229448,0.0017291485781180105,0.011363441634707686,0.0017321489179921118,0.08022892454618868,0.08379855576232108,0.011387708764907599,0.013084746556183654,0.17321489179921118,4.99133925541004
1,NB,C,0.19859256238327522,0.9723339348493225,0.007269503017479673,0.0017291485781180105,0.00840731971824281,0.0017321489179921118,0.08502744519738305,0.08379855576232108,0.008414966702948164,0.009643856138010136,0.17321489179921118,4.99133925541004
1,NB,D,0.2246198359885378,0.97348055159914,0.0015247087401757719,0.0017291485781180105,0.0017856875551126626,0.0017321489179921118,0.17321489179921118,0.08567114918717741,0.0,0.00805215172688225,0.17321489179921118,4.99133925541004
1,LR,A,0.8146310595108145,0.9810242829734008,0.0005610207837938338,0.0017291485781180105,0.0018470555223159175,0.0017321489179921118,0.055709654389476025,0.026040752314408437,0.001322519106304788,0.0020247416406259143,0.17321489179921118,4.99133925541004
1,LR,B,0.6132241376613963,0.9891669294008236,0.03224952953603306,0.0017291485781180105,0.10397017243277759,0.0017321489179921118,0.1794178575190478,2.6811441545825874,0.034420607890640546,0.5379609798345095,0.17321489179921118,4.99133925541004
1,LR,C,0.6132241376613963,0.9891669294008236,0.0012015916494142785,0.0017291485781180105,0.0028517784826045914,0.0017321489179921118,0.04821928069005068,0.035930386339430964,0.002282223236543661,0.004248446332642815,0.17321489179921118,4.99133925541004
1,LR,D,0.8143698283046695,0.9815849761479634,0.0005785246023363307,0.0017291485781180105,0.001848811733261687,0.0017321489179921118,0.05670446964643095,0.027094086115890127,0.0012757042706833795,0.001989630513909858,0.17321489179921118,4.99133925541004
2,NB,A,0.21390672319298387,0.9692914733128111,0.006072702637352274,0.0017291485781180105,0.007090293623765844,0.0017321489179921118,0.07970225764544785,0.08239411069367883,0.007104151305548728,0.008134077689219714,0.17321489179921118,4.99133925541004
2,NB,B,0.17375411418450148,0.973417693442314,0.009866890797485508,0.0017291485781180105,0.011432496672290142,0.0017321489179921118,0.08262818487178587,0.08473485247474925,0.011376005056002248,0.013026228011656893,0.17321489179921118,4.99133925541004
2,NB,C,0.17375411418450148,0.973417693442314,0.007533095183708737,0.0017291485781180105,0.008650132253190267,0.0017321489179921118,0.08578818627623094,0.09117189237269291,0.008567114918717741,0.00988963402502253,0.17321489179921118,4.99133925541004
2,NB,D,0.22946032095667443,0.9746786985707789,0.0015166870836761978,0.0017291485781180105,0.0017491720728123902,0.0017321489179921118,0.17321489179921118,0.0855541120981239,0.0,0.006799854874009574,0.17321489179921118,4.99133925541004
2,LR,A,0.8165396823123326,0.987787852334426,0.0005846915465706172,0.0017291485781180105,0.0018157909193845267,0.0017321489179921118,0.05787484053696616,0.029668902075067588,0.0012640005617780275,0.0020130379317205623,0.17321489179921118,4.99133925541004
2,LR,B,0.6128192640349635,0.9863857233163758,0.034273692403031054,0.0017291485781180105,0.10748342432582919,0.0017321489179921118,0.18345563709139426,2.718830097257821,0.03596549746614702,0.5454981683695563,0.17321489179921118,4.99133925541004
2,LR,C,0.6128192640349635,0.9863857233163758,0.0014921481384444,0.0017291485781180105,0.003171546139449907,0.0017321489179921118,0.05196446753976335,0.04049483281251829,0.002539704832461407,0.004915557740247885,0.17321489179921118,4.99133925541004
2,LR,D,0.8157738663814125,0.9884249892661875,0.0006079059209060171,0.0017291485781180105,0.0018287285274482276,0.0017321489179921118,0.062497805554580246,0.029434827896960548,0.001205482017251267,0.001966223096099154,0.17321489179921118,4.99133925541004
3,NB,A,0.19190483290020952,0.9754318478159265,0.006619720273668855,0.0017291485781180105,0.007612379168828613,0.0017321489179921118,0.08818744660182812,0.08824596514635488,0.007572299661762812,0.008812892805730136,0.17321489179921118,4.99133925541004
3,NB,B,0.09716761877771818,0.9746190882834298,0.014963648547129721,0.0017291485781180105,0.016603976957013596,0.0017321489179921118,0.11803190431047599,0.12043116463607317,0.016490525847641116,0.019182378895872102,0.17321489179921118,4.99133925541004
3,NB,C,0.09716761877771818,0.9746190882834298,0.01155105947934555,0.0017291485781180105,0.012727725318511296,0.0017321489179921118,0.1108926418782112,0.11469634727245064,0.012604894491064219,0.014348747117961682,0.17321489179921118,4.99133925541004
3,NB,D,0.19563468133485867,0.975398774998693,0.001535868466810418,0.0017291485781180105,0.0017239924573418449,0.0017321489179921118,0.17321489179921118,0.08842152077993516,0.0,0.007127558723359432,0.17321489179921118,4.99133925541004
3,LR,A,0.7892495228736106,0.9831506076684575,0.0006241807330038051,0.0017291485781180105,0.0018018833639225082,0.0017321489179921118,0.05805039617054645,0.0314244584108704,0.0012991116884940837,0.0021183713118687313,0.17321489179921118,4.99133925541004
3,LR,B,0.6134843636754691,0.9877211521856577,0.0294767472052765,0.0017291485781180105,0.10230267802153269,0.0017321489179921118,0.15396229064990696,2.7954893905878775,0.029575272403824772,0.5608300270355676,0.17321489179921118,4.99133925541004
3,LR,C,0.6134843636754691,0.9877211521856577,0.0011824953800029698,0.0017291485781180105,0.0025932676486533543,0.0017321489179921118,0.056470395468323914,0.04301113022716899,0.002212000983111548,0.00394414990110366,0.17321489179921118,4.99133925541004
3,LR,D,0.7881236923069571,0.9834374499946925,0.000660496011321379,0.0017291485781180105,0.0017650416895981515,0.0017321489179921118,0.06489706588017743,0.03107334714370984,0.0011937783083459147,0.0020481490584366184,0.17321489179921118,4.99133925541004
4,NB,A,0.20516982158972605,0.9624403699085685,0.006400710844536608,0.0017291485781180105,0.007500090798442028,0.0017321489179921118,0.08034596163524221,0.08385707430684784,0.007478669990519996,0.00867244829886591,0.17321489179921118,4.99133925541004
4,NB,B,0.09389502458893405,0.9660141749698582,0.017724485314595115,0.0017291485781180105,0.019536622193618552,0.0017321489179921118,0.1297356132158281,0.13792820944957457,0.019568601289748723,0.022190232084547592,0.17321489179921118,4.99133925541004
4,NB,C,0.09389502458893405,0.9660141749698582,0.01351135355471698,0.0017291485781180105,0.014869904443708662,0.0017321489179921118,0.11569116252940558,0.12218672097187598,0.014793488056365062,0.01682993340589633,0.17321489179921118,4.99133925541004
4,NB,D,0.2149613990186361,0.9639406479578823,0.001515813317744775,0.0017291485781180105,0.0017891866401170623,0.0017321489179921118,0.17321489179921118,0.08134077689219714,0.0,0.007186077267886193,0.17321489179921118,4.99133925541004
4,LR,A,0.7371150446768117,0.9789134846787698,0.0006633329263312934,0.0017291485781180105,0.0018782966151943286,0.0017321489179921118,0.04804372505647039,0.03663260887375209,0.0015097784487904217,0.0019311119693830976,0.17321489179921118,4.99133925541004
4,LR,B,0.5515371352290793,0.9779944168331529,0.024083999940079613,0.0017291485781180105,0.08746028796372962,0.0017321489179921118,0.12610746345516893,2.3470617838793113,0.02400430696487717,0.470898727806842,0.17321489179921118,4.99133925541004
4,LR,C,0.5515371352290793,0.9779944168331529,0.001369627960199084,0.0017291485781180105,0.002616680291225077,0.0017321489179921118,0.055709654389476025,0.04628816872066758,0.002305630654354365,0.0036164460517538006,0.17321489179921118,4.99133925541004
4,LR,D,0.7343679940955787,0.9785508323259657,0.0006800684020304551,0.0017291485781180105,0.0018942676780555519,0.0017321489179921118,0.05594372856758307,0.03657409032922533,0.0013693339419261965,0.0019194082604777453,0.17321489179921118,4.99133925541004
5,NB,A,0.1603126832599402,0.9556731169882585,0.006966586608821026,0.0017291485781180105,0.007819893415923904,0.0017321489179921118,0.0953267090340929,0.09813559917137742,0.007771262713153798,0.009070374401647882,0.17321489179921118,4.99133925541004
5,NB,B,0.1756151733669977,0.9572982003634446,0.008669683690321724,0.0017291485781180105,0.009979153038709642,0.0017321489179921118,0.08900670622520276,0.08643189026602531,0.00994815256954929,0.011645190360825345,0.17321489179921118,4.99133925541004
5,NB,C,0.1756151733669977,0.9572982003634446,0.006388209123694057,0.0017291485781180105,0.007221669733737389,0.0017321489179921118,0.09140596655079995,0.09573633884578023,0.007232892103507601,0.008344744449516052,0.17321489179921118,4.99133925541004
5,NB,D,0.1665613550827957,0.9556946242215015,0.001565717909909068,0.0017291485781180105,0.0017336528198465743,0.0017321489179921118,0.17321489179921118,0.10030078531886755,0.0,0.007537188535046756,0.17321489179921118,4.99133925541004
5,LR,A,0.7567892515389038,0.9708403109716199,0.0007485836793011164,0.0017291485781180105,0.0016038738362078957,0.0017321489179921118,0.07320669920297743,0.034994089627002796,0.0011352597638191542,0.0018491860070456328,0.17321489179921118,4.99133925541004
5,LR,B,0.6556287131430202,0.9683252717516156,0.02602630309529109,0.0017291485781180105,0.08765673826237441,0.0017321489179921118,0.14524302751541965,2.0307105321676437,0.02733986400290252,0.40664536591645895,0.17321489179921118,4.99133925541004
5,LR,C,0.6556287131430202,0.9683252717516156,0.0010155649952800034,0.0017291485781180105,0.002044948665955002,0.0017321489179921118,0.06975410507589855,0.03903186919934928,0.0016736303734653513,0.0029025198085273225,0.17321489179921118,4.99133925541004
5,LR,D,0.7568140391463476,0.9715545253912099,0.000759789293732159,0.0017291485781180105,0.0016229132051901551,0.0017321489179921118,0.07665929333005629,0.03610594197301125,0.001088444928197746,0.0018257785892349286,0.17321489179921118,4.99133925541004
6,NB,A,0.16866226312656027,0.9682397973329447,0.006890065809592246,0.0017291485781180105,0.007784563992181195,0.0017321489179921118,0.09485856067787882,0.09731633954800276,0.007677633041910981,0.009152300363985347,0.17321489179921118,4.99133925541004
6,NB,B,0.10049322955116498,0.9674358308129338,0.014916278124843634,0.0017291485781180105,0.01635576234073229,0.0017321489179921118,0.12318153622883092,0.1239422773076788,0.01629156279625013,0.018409934108118864,0.17321489179921118,4.99133925541004
6,NB,C,0.10049322955116498,0.9674358308129338,0.011505896070200925,0.0017291485781180105,0.012508035493990004,0.0017321489179921118,0.11639338506372669,0.12171857261566191,0.012476153693105346,0.014032746977517175,0.17321489179921118,4.99133925541004
6,NB,D,0.17946792283034238,0.9682193595201392,0.001561494613384642,0.0017291485781180105,0.0017138891354994406,0.0017321489179921118,0.17321489179921118,0.09825263626043093,0.0,0.007373336610371827,0.17321489179921118,4.99133925541004
6,LR,A,0.7539850465940666,0.9639953864410161,0.0007082781061243533,0.0017291485781180105,0.0016530015323865635,0.0017321489179921118,0.0696955865313718,0.03792001685334082,0.0011703708905352107,0.0019428156782884496,0.17321489179921118,4.99133925541004
6,LR,B,0.5530900870342395,0.9736978023806091,0.02825265746190025,0.0017291485781180105,0.09428640723769191,0.0017321489179921118,0.1659000737333661,2.3431995599405453,0.030979717472467024,0.46988050513207635,0.17321489179921118,4.99133925541004
6,LR,C,0.5530900870342395,0.9736978023806091,0.0013072702400582894,0.0017291485781180105,0.002445358288459388,0.0017321489179921118,0.07121706868906756,0.0469903912549887,0.001966223096099154,0.003756890558618026,0.17321489179921118,4.99133925541004
6,LR,D,0.7544462530963253,0.9645417414600838,0.0007253776742747087,0.0017291485781180105,0.001655674791389688,0.0017321489179921118,0.07543040389499432,0.03768594267523378,0.001088444928197746,0.001896000842667041,0.17321489179921118,4.99133925541004
7,NB,A,0.17034877810601817,0.9698447993688043,0.00665758730767308,0.0017291485781180105,0.007327998325555587,0.0017321489179921118,0.10316819400067881,0.10340226817878585,0.007373336610371827,0.008403262994042811,0.17321489179921118,4.99133925541004
7,NB,B,0.12514056577041902,0.9686633670425217,0.011248428176814474,0.0017291485781180105,0.012531916014291126,0.0017321489179921118,0.1169785705089943,0.10855190009714079,0.012347412895146471,0.01484030289198647,0.17321489179921118,4.99133925541004
7,NB,C,0.12514056577041902,0.9686633670425217,0.008563841436592156,0.0017291485781180105,0.00931792707172603,0.0017321489179921118,0.11153634586800557,0.11346745783738867,0.009292744870849572,0.010662078812775769,0.17321489179921118,4.99133925541004
7,NB,D,0.18812183196426938,0.9697002295689205,0.0015674820590897082,0.0017291485781180105,0.0016230210051053468,0.0017321489179921118,0.17321489179921118,0.10310967545615206,0.0,0.00711585501445408,0.17321489179921118,4.99133925541004
7,LR,A,0.7468239148216432,0.9772024119787763,0.0007571345019192227,0.0017291485781180105,0.0016361278986988478,0.0017321489179921118,0.07554744098404785,0.03897335065482251,0.0011118523460084502,0.0019077045515723933,0.17321489179921118,4.99133925541004
7,LR,B,0.6320369598344173,0.9776332695905942,0.026355156641884325,0.0017291485781180105,0.09129182232505384,0.0017321489179921118,0.14091265522043936,2.3306180728672916,0.026965345317931252,0.46760998560443806,0.17321489179921118,4.99133925541004
7,LR,C,0.6320369598344173,0.9776332695905942,0.0010087290187114923,0.0017291485781180105,0.0019644004247249894,0.0017321489179921118,0.07765410858701123,0.0441815011177042,0.001533185866601126,0.0029493346441487305,0.17321489179921118,4.99133925541004
7,LR,D,0.7467582962531571,0.9770069852958652,0.0007805183615640964,0.0017291485781180105,0.0016296512197442427,0.0017321489179921118,0.08134077689219714,0.03914890628840279,0.0010416300925763374,0.0019428156782884496,0.17321489179921118,4.99133925541004
8,NB,A,0.15687544932233843,0.969931699681392,0.007789639087879608,0.0017291485781180105,0.008669090858871322,0.0017321489179921118,0.1006518965860281,0.09994967405170699,0.008590522336528445,0.009924745151738586,0.17321489179921118,4.99133925541004
8,NB,B,0.12316093833260416,0.9683446005358192,0.011838388142186011,0.0017291485781180105,0.0131886392501614,0.0017321489179921118,0.10948819680956895,0.10820078882998022,0.01306133913837295,0.015261636412579146,0.17321489179921118,4.99133925541004
8,NB,C,0.12316093833260416,0.9683446005358192,0.00903212236663447,0.0017291485781180105,0.009929024672161255,0.0017321489179921118,0.10790819610734642,0.10685486230586473,0.009796004353779713,0.011305782802570134,0.17321489179921118,4.99133925541004
8,NB,D,0.16956609321098476,0.9701378601768424,0.00157539187848275,0.0017291485781180105,0.0018114892269163261,0.0017321489179921118,0.17321489179921118,0.1000667111407605,0.0,0.00822770736046253,0.17321489179921118,4.99133925541004
8,LR,A,0.7509191745644144,0.9832343393278968,0.0006822649789170016,0.0017291485781180105,0.0018549303993275787,0.0017321489179921118,0.06185410156478588,0.03370668164741406,0.001322519106304788,0.002083260185152675,0.17321489179921118,4.99133925541004
8,LR,B,0.514380191907408,0.9850394418100614,0.02602406979367808,0.0017291485781180105,0.09521491265230894,0.0017321489179921118,0.13277857753121963,2.632749318258956,0.024846974006062523,0.5282820125697834,0.17321489179921118,4.99133925541004
8,LR,C,0.514380191907408,0.9850394418100614,0.001319279789808179,0.0017291485781180105,0.002505448979504055,0.0017321489179921118,0.06694521493861405,0.04160668515852674,0.002094963894058027,0.003909038774387604,0.17321489179921118,4.99133925541004
8,LR,D,0.7467384473772973,0.9846892264208637,0.0007182969351694713,0.0017291485781180105,0.0018504995202629645,0.0017321489179921118,0.06875928981894362,0.033765200191940827,0.0012288894350619712,0.002094963894058027,0.17321489179921118,4.99133925541004
9,NB,A,0.1730171961275131,0.9665463106579233,0.006848549344152251,0.0017291485781180105,0.007608333509898529,0.0017321489179921118,0.09784300644874361,0.10012522968528727,0.007537188535046756,0.008730966843392671,0.17321489179921118,4.99133925541004
9,NB,B,0.10419787787758636,0.9618447027248833,0.014638389799287704,0.0017291485781180105,0.016058141396948458,0.0017321489179921118,0.1302037615720422,0.1252882038317943,0.015975562655805624,0.018433341525929566,0.17321489179921118,4.99133925541004
9,NB,C,0.10419787787758636,0.9618447027248833,0.010865253041746376,0.0017291485781180105,0.011847341670000754,0.0017321489179921118,0.11873412684479712,0.12072375735870697,0.011715412614257459,0.013588006039113795,0.17321489179921118,4.99133925541004
9,NB,D,0.1902664605482515,0.9665962169450064,0.0015630633567468816,0.0017291485781180105,0.0017043088251557598,0.0017321489179921118,0.17321489179921118,0.09930597006191262,0.0,0.00733822548365577,0.17321489179921118,4.99133925541004
9,LR,A,0.800158280801846,0.9665260312777753,0.0006747013539135286,0.0017291485781180105,0.0016012550786054602,0.0017321489179921118,0.07285558793581685,0.03669112741827885,0.0010650375103870417,0.0019428156782884496,0.17321489179921118,4.99133925541004
9,LR,B,0.32482511648799817,0.9782234312394346,0.032109232037490866,0.0017291485781180105,0.09596714613029773,0.0017321489179921118,0.1857963788724647,2.2368128459908947,0.03594209004833632,0.4486031623421462,0.17321489179921118,4.99133925541004
9,LR,C,0.32482511648799817,0.9782234312394346,0.002473528540574745,0.0017291485781180105,0.004059467365099171,0.0017321489179921118,0.07496225553878023,0.055709654389476025,0.003452594127078871,0.006729632620577461,0.17321489179921118,4.99133925541004
9,LR,D,0.8022935348171467,0.9676706280112107,0.0006918731117469483,0.0017291485781180105,0.0016197095204595225,0.0017321489179921118,0.07630818206289573,0.03663260887375209,0.0010182226747656332,0.0019311119693830976,0.17321489179921118,4.99133925541004
